message;severity;node;stamp;location
"Oh no! I hit the wall! (Clamping from [x=-0.030911, y=1.518318])";"30";"turtlesim3.sim";"1730720060.536658062";"/home/zea/ros2_ws/src/ros_tutorials/turtlesim/src/turtle.cpp:update:260"
"Oh no! I hit the wall! (Clamping from [x=-0.030911, y=1.518318])";"30";"turtlesim2.sim";"1730720060.525711600";"/home/zea/ros2_ws/src/ros_tutorials/turtlesim/src/turtle.cpp:update:260"
"Oh no! I hit the wall! (Clamping from [x=-0.030911, y=1.518318])";"30";"turtlesim1.sim";"1730720060.520410787";"/home/zea/ros2_ws/src/ros_tutorials/turtlesim/src/turtle.cpp:update:260"
"Oh no! I hit the wall! (Clamping from [x=-0.030911, y=1.526594])";"30";"turtlesim3.sim";"1730720060.520193477";"/home/zea/ros2_ws/src/ros_tutorials/turtlesim/src/turtle.cpp:update:260"
"Oh no! I hit the wall! (Clamping from [x=-0.030911, y=1.526594])";"30";"turtlesim2.sim";"1730720060.510331974";"/home/zea/ros2_ws/src/ros_tutorials/turtlesim/src/turtle.cpp:update:260"
"Oh no! I hit the wall! (Clamping from [x=-0.030911, y=1.526594])";"30";"turtlesim1.sim";"1730720060.504699601";"/home/zea/ros2_ws/src/ros_tutorials/turtlesim/src/turtle.cpp:update:260"
"Oh no! I hit the wall! (Clamping from [x=-0.030911, y=1.534870])";"30";"turtlesim3.sim";"1730720060.504698819";"/home/zea/ros2_ws/src/ros_tutorials/turtlesim/src/turtle.cpp:update:260"
"Oh no! I hit the wall! (Clamping from [x=-0.030911, y=1.534870])";"30";"turtlesim2.sim";"1730720060.494992031";"/home/zea/ros2_ws/src/ros_tutorials/turtlesim/src/turtle.cpp:update:260"
"Oh no! I hit the wall! (Clamping from [x=-0.030911, y=1.543146])";"30";"turtlesim3.sim";"1730720060.488883741";"/home/zea/ros2_ws/src/ros_tutorials/turtlesim/src/turtle.cpp:update:260"
"Oh no! I hit the wall! (Clamping from [x=-0.030911, y=1.534870])";"30";"turtlesim1.sim";"1730720060.488845931";"/home/zea/ros2_ws/src/ros_tutorials/turtlesim/src/turtle.cpp:update:260"
"Oh no! I hit the wall! (Clamping from [x=-0.030911, y=1.543146])";"30";"turtlesim2.sim";"1730720060.477632719";"/home/zea/ros2_ws/src/ros_tutorials/turtlesim/src/turtle.cpp:update:260"
"Oh no! I hit the wall! (Clamping from [x=-0.030911, y=1.551421])";"30";"turtlesim3.sim";"1730720060.472322108";"/home/zea/ros2_ws/src/ros_tutorials/turtlesim/src/turtle.cpp:update:260"
"Oh no! I hit the wall! (Clamping from [x=-0.030911, y=1.543146])";"30";"turtlesim1.sim";"1730720060.471754713";"/home/zea/ros2_ws/src/ros_tutorials/turtlesim/src/turtle.cpp:update:260"
"Oh no! I hit the wall! (Clamping from [x=-0.030911, y=1.551421])";"30";"turtlesim2.sim";"1730720060.462448302";"/home/zea/ros2_ws/src/ros_tutorials/turtlesim/src/turtle.cpp:update:260"
"Oh no! I hit the wall! (Clamping from [x=-0.030911, y=1.551421])";"30";"turtlesim1.sim";"1730720060.456545881";"/home/zea/ros2_ws/src/ros_tutorials/turtlesim/src/turtle.cpp:update:260"
"Oh no! I hit the wall! (Clamping from [x=-0.030911, y=1.559697])";"30";"turtlesim3.sim";"1730720060.456081415";"/home/zea/ros2_ws/src/ros_tutorials/turtlesim/src/turtle.cpp:update:260"
"Oh no! I hit the wall! (Clamping from [x=-0.030911, y=1.559697])";"30";"turtlesim2.sim";"1730720060.445922655";"/home/zea/ros2_ws/src/ros_tutorials/turtlesim/src/turtle.cpp:update:260"
"Oh no! I hit the wall! (Clamping from [x=-0.030911, y=1.559697])";"30";"turtlesim1.sim";"1730720060.440551673";"/home/zea/ros2_ws/src/ros_tutorials/turtlesim/src/turtle.cpp:update:260"
"Oh no! I hit the wall! (Clamping from [x=-0.030911, y=1.567973])";"30";"turtlesim3.sim";"1730720060.439901455";"/home/zea/ros2_ws/src/ros_tutorials/turtlesim/src/turtle.cpp:update:260"
"Oh no! I hit the wall! (Clamping from [x=-0.030911, y=1.567973])";"30";"turtlesim2.sim";"1730720060.430604472";"/home/zea/ros2_ws/src/ros_tutorials/turtlesim/src/turtle.cpp:update:260"
"Oh no! I hit the wall! (Clamping from [x=-0.030911, y=1.576249])";"30";"turtlesim3.sim";"1730720060.424588612";"/home/zea/ros2_ws/src/ros_tutorials/turtlesim/src/turtle.cpp:update:260"
"Oh no! I hit the wall! (Clamping from [x=-0.030911, y=1.567973])";"30";"turtlesim1.sim";"1730720060.424462350";"/home/zea/ros2_ws/src/ros_tutorials/turtlesim/src/turtle.cpp:update:260"
"Oh no! I hit the wall! (Clamping from [x=-0.030911, y=1.576249])";"30";"turtlesim2.sim";"1730720060.414217811";"/home/zea/ros2_ws/src/ros_tutorials/turtlesim/src/turtle.cpp:update:260"
"Oh no! I hit the wall! (Clamping from [x=-0.030911, y=1.584525])";"30";"turtlesim3.sim";"1730720060.408357137";"/home/zea/ros2_ws/src/ros_tutorials/turtlesim/src/turtle.cpp:update:260"
"Oh no! I hit the wall! (Clamping from [x=-0.030911, y=1.576249])";"30";"turtlesim1.sim";"1730720060.408253376";"/home/zea/ros2_ws/src/ros_tutorials/turtlesim/src/turtle.cpp:update:260"
"Oh no! I hit the wall! (Clamping from [x=-0.030911, y=1.584525])";"30";"turtlesim2.sim";"1730720060.397970207";"/home/zea/ros2_ws/src/ros_tutorials/turtlesim/src/turtle.cpp:update:260"
"Oh no! I hit the wall! (Clamping from [x=-0.030911, y=1.592801])";"30";"turtlesim3.sim";"1730720060.392014808";"/home/zea/ros2_ws/src/ros_tutorials/turtlesim/src/turtle.cpp:update:260"
"Oh no! I hit the wall! (Clamping from [x=-0.030911, y=1.584525])";"30";"turtlesim1.sim";"1730720060.391750511";"/home/zea/ros2_ws/src/ros_tutorials/turtlesim/src/turtle.cpp:update:260"
"Oh no! I hit the wall! (Clamping from [x=-0.030911, y=1.592801])";"30";"turtlesim2.sim";"1730720060.382448589";"/home/zea/ros2_ws/src/ros_tutorials/turtlesim/src/turtle.cpp:update:260"
"Oh no! I hit the wall! (Clamping from [x=-0.030911, y=1.601076])";"30";"turtlesim3.sim";"1730720060.376491597";"/home/zea/ros2_ws/src/ros_tutorials/turtlesim/src/turtle.cpp:update:260"
"Oh no! I hit the wall! (Clamping from [x=-0.030911, y=1.592801])";"30";"turtlesim1.sim";"1730720060.376449079";"/home/zea/ros2_ws/src/ros_tutorials/turtlesim/src/turtle.cpp:update:260"
"Oh no! I hit the wall! (Clamping from [x=-0.030911, y=1.601076])";"30";"turtlesim2.sim";"1730720060.366319653";"/home/zea/ros2_ws/src/ros_tutorials/turtlesim/src/turtle.cpp:update:260"
"Oh no! I hit the wall! (Clamping from [x=-0.030911, y=1.601076])";"30";"turtlesim1.sim";"1730720060.360756156";"/home/zea/ros2_ws/src/ros_tutorials/turtlesim/src/turtle.cpp:update:260"
"Oh no! I hit the wall! (Clamping from [x=-0.030911, y=1.609352])";"30";"turtlesim3.sim";"1730720060.360732833";"/home/zea/ros2_ws/src/ros_tutorials/turtlesim/src/turtle.cpp:update:260"
"Oh no! I hit the wall! (Clamping from [x=-0.030911, y=1.609352])";"30";"turtlesim2.sim";"1730720060.350067740";"/home/zea/ros2_ws/src/ros_tutorials/turtlesim/src/turtle.cpp:update:260"
"Oh no! I hit the wall! (Clamping from [x=-0.030911, y=1.617628])";"30";"turtlesim3.sim";"1730720060.344213668";"/home/zea/ros2_ws/src/ros_tutorials/turtlesim/src/turtle.cpp:update:260"
"Oh no! I hit the wall! (Clamping from [x=-0.030911, y=1.609352])";"30";"turtlesim1.sim";"1730720060.344179625";"/home/zea/ros2_ws/src/ros_tutorials/turtlesim/src/turtle.cpp:update:260"
"Oh no! I hit the wall! (Clamping from [x=-0.030911, y=1.617628])";"30";"turtlesim2.sim";"1730720060.333900293";"/home/zea/ros2_ws/src/ros_tutorials/turtlesim/src/turtle.cpp:update:260"
"Oh no! I hit the wall! (Clamping from [x=-0.030911, y=1.617628])";"30";"turtlesim1.sim";"1730720060.328084772";"/home/zea/ros2_ws/src/ros_tutorials/turtlesim/src/turtle.cpp:update:260"
"Oh no! I hit the wall! (Clamping from [x=-0.030911, y=1.625904])";"30";"turtlesim3.sim";"1730720060.328055528";"/home/zea/ros2_ws/src/ros_tutorials/turtlesim/src/turtle.cpp:update:260"
"Oh no! I hit the wall! (Clamping from [x=-0.030911, y=1.625904])";"30";"turtlesim2.sim";"1730720060.317885527";"/home/zea/ros2_ws/src/ros_tutorials/turtlesim/src/turtle.cpp:update:260"
"Oh no! I hit the wall! (Clamping from [x=-0.030911, y=1.625904])";"30";"turtlesim1.sim";"1730720060.312158148";"/home/zea/ros2_ws/src/ros_tutorials/turtlesim/src/turtle.cpp:update:260"
"Oh no! I hit the wall! (Clamping from [x=-0.030911, y=1.634180])";"30";"turtlesim3.sim";"1730720060.311915461";"/home/zea/ros2_ws/src/ros_tutorials/turtlesim/src/turtle.cpp:update:260"
"Oh no! I hit the wall! (Clamping from [x=-0.030911, y=1.634180])";"30";"turtlesim2.sim";"1730720060.301720875";"/home/zea/ros2_ws/src/ros_tutorials/turtlesim/src/turtle.cpp:update:260"
"Oh no! I hit the wall! (Clamping from [x=-0.030911, y=1.634180])";"30";"turtlesim1.sim";"1730720060.296069225";"/home/zea/ros2_ws/src/ros_tutorials/turtlesim/src/turtle.cpp:update:260"
"Oh no! I hit the wall! (Clamping from [x=-0.030911, y=1.642455])";"30";"turtlesim3.sim";"1730720060.295832730";"/home/zea/ros2_ws/src/ros_tutorials/turtlesim/src/turtle.cpp:update:260"
"Oh no! I hit the wall! (Clamping from [x=-0.030911, y=1.642455])";"30";"turtlesim2.sim";"1730720060.285728820";"/home/zea/ros2_ws/src/ros_tutorials/turtlesim/src/turtle.cpp:update:260"
"Oh no! I hit the wall! (Clamping from [x=-0.030911, y=1.650731])";"30";"turtlesim3.sim";"1730720060.280636251";"/home/zea/ros2_ws/src/ros_tutorials/turtlesim/src/turtle.cpp:update:260"
"Oh no! I hit the wall! (Clamping from [x=-0.030911, y=1.642455])";"30";"turtlesim1.sim";"1730720060.280436152";"/home/zea/ros2_ws/src/ros_tutorials/turtlesim/src/turtle.cpp:update:260"
"Oh no! I hit the wall! (Clamping from [x=-0.030911, y=1.650731])";"30";"turtlesim2.sim";"1730720060.270537571";"/home/zea/ros2_ws/src/ros_tutorials/turtlesim/src/turtle.cpp:update:260"
"Oh no! I hit the wall! (Clamping from [x=-0.030911, y=1.659007])";"30";"turtlesim3.sim";"1730720060.264666718";"/home/zea/ros2_ws/src/ros_tutorials/turtlesim/src/turtle.cpp:update:260"
"Oh no! I hit the wall! (Clamping from [x=-0.030911, y=1.650731])";"30";"turtlesim1.sim";"1730720060.263777561";"/home/zea/ros2_ws/src/ros_tutorials/turtlesim/src/turtle.cpp:update:260"
"Oh no! I hit the wall! (Clamping from [x=-0.030911, y=1.659007])";"30";"turtlesim2.sim";"1730720060.254358242";"/home/zea/ros2_ws/src/ros_tutorials/turtlesim/src/turtle.cpp:update:260"
"Oh no! I hit the wall! (Clamping from [x=-0.030911, y=1.659007])";"30";"turtlesim1.sim";"1730720060.248655058";"/home/zea/ros2_ws/src/ros_tutorials/turtlesim/src/turtle.cpp:update:260"
"Oh no! I hit the wall! (Clamping from [x=-0.030911, y=1.667283])";"30";"turtlesim3.sim";"1730720060.248113000";"/home/zea/ros2_ws/src/ros_tutorials/turtlesim/src/turtle.cpp:update:260"
"Oh no! I hit the wall! (Clamping from [x=-0.030911, y=1.667283])";"30";"turtlesim2.sim";"1730720060.237842444";"/home/zea/ros2_ws/src/ros_tutorials/turtlesim/src/turtle.cpp:update:260"
"Oh no! I hit the wall! (Clamping from [x=-0.030911, y=1.667283])";"30";"turtlesim1.sim";"1730720060.232671590";"/home/zea/ros2_ws/src/ros_tutorials/turtlesim/src/turtle.cpp:update:260"
"Oh no! I hit the wall! (Clamping from [x=-0.030911, y=1.692110])";"30";"turtlesim1.sim";"1730720060.184290261";"/home/zea/ros2_ws/src/ros_tutorials/turtlesim/src/turtle.cpp:update:260"
"Oh no! I hit the wall! (Clamping from [x=-0.030911, y=1.700386])";"30";"turtlesim2.sim";"1730720060.174331138";"/home/zea/ros2_ws/src/ros_tutorials/turtlesim/src/turtle.cpp:update:260"
"Oh no! I hit the wall! (Clamping from [x=-0.030911, y=1.708662])";"30";"turtlesim3.sim";"1730720060.168241893";"/home/zea/ros2_ws/src/ros_tutorials/turtlesim/src/turtle.cpp:update:260"
"Oh no! I hit the wall! (Clamping from [x=-0.030911, y=1.700386])";"30";"turtlesim1.sim";"1730720060.168060699";"/home/zea/ros2_ws/src/ros_tutorials/turtlesim/src/turtle.cpp:update:260"
"Oh no! I hit the wall! (Clamping from [x=-0.030911, y=1.708662])";"30";"turtlesim2.sim";"1730720060.158136611";"/home/zea/ros2_ws/src/ros_tutorials/turtlesim/src/turtle.cpp:update:260"
"Oh no! I hit the wall! (Clamping from [x=-0.030911, y=1.750041])";"30";"turtlesim3.sim";"1730720060.088675098";"/home/zea/ros2_ws/src/ros_tutorials/turtlesim/src/turtle.cpp:update:260"
"Oh no! I hit the wall! (Clamping from [x=-0.030911, y=1.741765])";"30";"turtlesim1.sim";"1730720060.088517257";"/home/zea/ros2_ws/src/ros_tutorials/turtlesim/src/turtle.cpp:update:260"
"Oh no! I hit the wall! (Clamping from [x=-0.030911, y=1.750041])";"30";"turtlesim2.sim";"1730720060.078296592";"/home/zea/ros2_ws/src/ros_tutorials/turtlesim/src/turtle.cpp:update:260"
"Oh no! I hit the wall! (Clamping from [x=-0.030911, y=1.750041])";"30";"turtlesim1.sim";"1730720060.072363234";"/home/zea/ros2_ws/src/ros_tutorials/turtlesim/src/turtle.cpp:update:260"
"Oh no! I hit the wall! (Clamping from [x=-0.030911, y=1.758317])";"30";"turtlesim3.sim";"1730720060.071914458";"/home/zea/ros2_ws/src/ros_tutorials/turtlesim/src/turtle.cpp:update:260"
"Oh no! I hit the wall! (Clamping from [x=-0.030911, y=1.758317])";"30";"turtlesim2.sim";"1730720060.062649533";"/home/zea/ros2_ws/src/ros_tutorials/turtlesim/src/turtle.cpp:update:260"
"Oh no! I hit the wall! (Clamping from [x=-0.030911, y=1.758317])";"30";"turtlesim1.sim";"1730720060.056635927";"/home/zea/ros2_ws/src/ros_tutorials/turtlesim/src/turtle.cpp:update:260"
"Oh no! I hit the wall! (Clamping from [x=-0.030911, y=1.766593])";"30";"turtlesim3.sim";"1730720060.056137439";"/home/zea/ros2_ws/src/ros_tutorials/turtlesim/src/turtle.cpp:update:260"
"Oh no! I hit the wall! (Clamping from [x=-0.030911, y=1.766593])";"30";"turtlesim2.sim";"1730720060.045949535";"/home/zea/ros2_ws/src/ros_tutorials/turtlesim/src/turtle.cpp:update:260"
"Oh no! I hit the wall! (Clamping from [x=-0.030911, y=1.774869])";"30";"turtlesim2.sim";"1730720060.030244570";"/home/zea/ros2_ws/src/ros_tutorials/turtlesim/src/turtle.cpp:update:260"
"Oh no! I hit the wall! (Clamping from [x=-0.030911, y=1.783144])";"30";"turtlesim3.sim";"1730720060.024249999";"/home/zea/ros2_ws/src/ros_tutorials/turtlesim/src/turtle.cpp:update:260"
"Oh no! I hit the wall! (Clamping from [x=-0.030911, y=1.799696])";"30";"turtlesim1.sim";"1730720059.976523677";"/home/zea/ros2_ws/src/ros_tutorials/turtlesim/src/turtle.cpp:update:260"
"Oh no! I hit the wall! (Clamping from [x=-0.030911, y=1.807972])";"30";"turtlesim3.sim";"1730720059.975842372";"/home/zea/ros2_ws/src/ros_tutorials/turtlesim/src/turtle.cpp:update:260"
"Oh no! I hit the wall! (Clamping from [x=-0.030911, y=1.807972])";"30";"turtlesim2.sim";"1730720059.966048724";"/home/zea/ros2_ws/src/ros_tutorials/turtlesim/src/turtle.cpp:update:260"
"Oh no! I hit the wall! (Clamping from [x=-0.030911, y=1.816248])";"30";"turtlesim3.sim";"1730720059.960526824";"/home/zea/ros2_ws/src/ros_tutorials/turtlesim/src/turtle.cpp:update:260"
"Oh no! I hit the wall! (Clamping from [x=-0.030911, y=1.807972])";"30";"turtlesim1.sim";"1730720059.959879181";"/home/zea/ros2_ws/src/ros_tutorials/turtlesim/src/turtle.cpp:update:260"
"Oh no! I hit the wall! (Clamping from [x=-0.030911, y=1.816248])";"30";"turtlesim2.sim";"1730720059.949874154";"/home/zea/ros2_ws/src/ros_tutorials/turtlesim/src/turtle.cpp:update:260"
"Oh no! I hit the wall! (Clamping from [x=-0.030911, y=1.832799])";"30";"turtlesim3.sim";"1730720059.927803234";"/home/zea/ros2_ws/src/ros_tutorials/turtlesim/src/turtle.cpp:update:260"
"Oh no! I hit the wall! (Clamping from [x=-0.030911, y=1.832799])";"30";"turtlesim2.sim";"1730720059.918384587";"/home/zea/ros2_ws/src/ros_tutorials/turtlesim/src/turtle.cpp:update:260"
"Oh no! I hit the wall! (Clamping from [x=-0.030911, y=1.832799])";"30";"turtlesim1.sim";"1730720059.912490291";"/home/zea/ros2_ws/src/ros_tutorials/turtlesim/src/turtle.cpp:update:260"
"Oh no! I hit the wall! (Clamping from [x=-0.030911, y=1.841075])";"30";"turtlesim3.sim";"1730720059.912427495";"/home/zea/ros2_ws/src/ros_tutorials/turtlesim/src/turtle.cpp:update:260"
"Oh no! I hit the wall! (Clamping from [x=-0.030911, y=1.841075])";"30";"turtlesim2.sim";"1730720059.902022010";"/home/zea/ros2_ws/src/ros_tutorials/turtlesim/src/turtle.cpp:update:260"
"Oh no! I hit the wall! (Clamping from [x=-0.030911, y=1.849351])";"30";"turtlesim3.sim";"1730720059.895931463";"/home/zea/ros2_ws/src/ros_tutorials/turtlesim/src/turtle.cpp:update:260"
"Oh no! I hit the wall! (Clamping from [x=-0.030911, y=1.841075])";"30";"turtlesim1.sim";"1730720059.895824476";"/home/zea/ros2_ws/src/ros_tutorials/turtlesim/src/turtle.cpp:update:260"
"Oh no! I hit the wall! (Clamping from [x=-0.030911, y=1.849351])";"30";"turtlesim2.sim";"1730720059.886585099";"/home/zea/ros2_ws/src/ros_tutorials/turtlesim/src/turtle.cpp:update:260"
"Oh no! I hit the wall! (Clamping from [x=-0.030911, y=1.857627])";"30";"turtlesim3.sim";"1730720059.880273334";"/home/zea/ros2_ws/src/ros_tutorials/turtlesim/src/turtle.cpp:update:260"
"Oh no! I hit the wall! (Clamping from [x=-0.030911, y=1.849351])";"30";"turtlesim1.sim";"1730720059.880083444";"/home/zea/ros2_ws/src/ros_tutorials/turtlesim/src/turtle.cpp:update:260"
"Oh no! I hit the wall! (Clamping from [x=-0.030911, y=1.857627])";"30";"turtlesim2.sim";"1730720059.870200402";"/home/zea/ros2_ws/src/ros_tutorials/turtlesim/src/turtle.cpp:update:260"
"Oh no! I hit the wall! (Clamping from [x=-0.030911, y=1.865903])";"30";"turtlesim3.sim";"1730720059.864732681";"/home/zea/ros2_ws/src/ros_tutorials/turtlesim/src/turtle.cpp:update:260"
"Oh no! I hit the wall! (Clamping from [x=-0.030911, y=1.857627])";"30";"turtlesim1.sim";"1730720059.864393627";"/home/zea/ros2_ws/src/ros_tutorials/turtlesim/src/turtle.cpp:update:260"
"Oh no! I hit the wall! (Clamping from [x=-0.030911, y=1.865903])";"30";"turtlesim2.sim";"1730720059.854639271";"/home/zea/ros2_ws/src/ros_tutorials/turtlesim/src/turtle.cpp:update:260"
"Oh no! I hit the wall! (Clamping from [x=-0.030911, y=1.865903])";"30";"turtlesim1.sim";"1730720059.848208437";"/home/zea/ros2_ws/src/ros_tutorials/turtlesim/src/turtle.cpp:update:260"
"Oh no! I hit the wall! (Clamping from [x=-0.030911, y=1.874178])";"30";"turtlesim3.sim";"1730720059.848017826";"/home/zea/ros2_ws/src/ros_tutorials/turtlesim/src/turtle.cpp:update:260"
"Oh no! I hit the wall! (Clamping from [x=-0.030911, y=1.874178])";"30";"turtlesim2.sim";"1730720059.837910400";"/home/zea/ros2_ws/src/ros_tutorials/turtlesim/src/turtle.cpp:update:260"
"Oh no! I hit the wall! (Clamping from [x=-0.030911, y=1.874178])";"30";"turtlesim1.sim";"1730720059.832850240";"/home/zea/ros2_ws/src/ros_tutorials/turtlesim/src/turtle.cpp:update:260"
"Oh no! I hit the wall! (Clamping from [x=-0.030911, y=1.882454])";"30";"turtlesim3.sim";"1730720059.832553454";"/home/zea/ros2_ws/src/ros_tutorials/turtlesim/src/turtle.cpp:update:260"
"Oh no! I hit the wall! (Clamping from [x=-0.030911, y=1.882454])";"30";"turtlesim2.sim";"1730720059.822449003";"/home/zea/ros2_ws/src/ros_tutorials/turtlesim/src/turtle.cpp:update:260"
"Oh no! I hit the wall! (Clamping from [x=-0.030911, y=1.890730])";"30";"turtlesim3.sim";"1730720059.816917155";"/home/zea/ros2_ws/src/ros_tutorials/turtlesim/src/turtle.cpp:update:260"
"Oh no! I hit the wall! (Clamping from [x=-0.030911, y=1.882454])";"30";"turtlesim1.sim";"1730720059.816155602";"/home/zea/ros2_ws/src/ros_tutorials/turtlesim/src/turtle.cpp:update:260"
"Oh no! I hit the wall! (Clamping from [x=-0.030911, y=1.890730])";"30";"turtlesim2.sim";"1730720059.805677754";"/home/zea/ros2_ws/src/ros_tutorials/turtlesim/src/turtle.cpp:update:260"
"Oh no! I hit the wall! (Clamping from [x=-0.030911, y=1.899006])";"30";"turtlesim3.sim";"1730720059.800359188";"/home/zea/ros2_ws/src/ros_tutorials/turtlesim/src/turtle.cpp:update:260"
"Oh no! I hit the wall! (Clamping from [x=-0.030911, y=1.890730])";"30";"turtlesim1.sim";"1730720059.799911684";"/home/zea/ros2_ws/src/ros_tutorials/turtlesim/src/turtle.cpp:update:260"
"Oh no! I hit the wall! (Clamping from [x=-0.030911, y=1.899006])";"30";"turtlesim2.sim";"1730720059.790234982";"/home/zea/ros2_ws/src/ros_tutorials/turtlesim/src/turtle.cpp:update:260"
"Oh no! I hit the wall! (Clamping from [x=-0.030911, y=1.899006])";"30";"turtlesim1.sim";"1730720059.784459715";"/home/zea/ros2_ws/src/ros_tutorials/turtlesim/src/turtle.cpp:update:260"
"Oh no! I hit the wall! (Clamping from [x=-0.030911, y=1.907282])";"30";"turtlesim3.sim";"1730720059.783867645";"/home/zea/ros2_ws/src/ros_tutorials/turtlesim/src/turtle.cpp:update:260"
"Oh no! I hit the wall! (Clamping from [x=-0.030911, y=1.907282])";"30";"turtlesim2.sim";"1730720059.773699908";"/home/zea/ros2_ws/src/ros_tutorials/turtlesim/src/turtle.cpp:update:260"
"Oh no! I hit the wall! (Clamping from [x=-0.030911, y=1.915558])";"30";"turtlesim3.sim";"1730720059.768555503";"/home/zea/ros2_ws/src/ros_tutorials/turtlesim/src/turtle.cpp:update:260"
"Oh no! I hit the wall! (Clamping from [x=-0.030911, y=1.907282])";"30";"turtlesim1.sim";"1730720059.767938827";"/home/zea/ros2_ws/src/ros_tutorials/turtlesim/src/turtle.cpp:update:260"
"Oh no! I hit the wall! (Clamping from [x=-0.030911, y=1.915558])";"30";"turtlesim2.sim";"1730720059.758084077";"/home/zea/ros2_ws/src/ros_tutorials/turtlesim/src/turtle.cpp:update:260"
"Oh no! I hit the wall! (Clamping from [x=-0.030911, y=1.915558])";"30";"turtlesim1.sim";"1730720059.752328957";"/home/zea/ros2_ws/src/ros_tutorials/turtlesim/src/turtle.cpp:update:260"
"Oh no! I hit the wall! (Clamping from [x=-0.030911, y=1.923833])";"30";"turtlesim3.sim";"1730720059.751819910";"/home/zea/ros2_ws/src/ros_tutorials/turtlesim/src/turtle.cpp:update:260"
"Oh no! I hit the wall! (Clamping from [x=-0.030911, y=1.923833])";"30";"turtlesim2.sim";"1730720059.742086142";"/home/zea/ros2_ws/src/ros_tutorials/turtlesim/src/turtle.cpp:update:260"
"Oh no! I hit the wall! (Clamping from [x=-0.030911, y=1.923833])";"30";"turtlesim1.sim";"1730720059.736453919";"/home/zea/ros2_ws/src/ros_tutorials/turtlesim/src/turtle.cpp:update:260"
"Oh no! I hit the wall! (Clamping from [x=-0.030911, y=1.932109])";"30";"turtlesim3.sim";"1730720059.735715048";"/home/zea/ros2_ws/src/ros_tutorials/turtlesim/src/turtle.cpp:update:260"
"Oh no! I hit the wall! (Clamping from [x=-0.030911, y=1.932109])";"30";"turtlesim2.sim";"1730720059.726447559";"/home/zea/ros2_ws/src/ros_tutorials/turtlesim/src/turtle.cpp:update:260"
"Oh no! I hit the wall! (Clamping from [x=-0.030911, y=1.940385])";"30";"turtlesim3.sim";"1730720059.720523117";"/home/zea/ros2_ws/src/ros_tutorials/turtlesim/src/turtle.cpp:update:260"
"Oh no! I hit the wall! (Clamping from [x=-0.030911, y=1.932109])";"30";"turtlesim1.sim";"1730720059.720158957";"/home/zea/ros2_ws/src/ros_tutorials/turtlesim/src/turtle.cpp:update:260"
"Oh no! I hit the wall! (Clamping from [x=-0.030911, y=1.940385])";"30";"turtlesim2.sim";"1730720059.710432002";"/home/zea/ros2_ws/src/ros_tutorials/turtlesim/src/turtle.cpp:update:260"
"Oh no! I hit the wall! (Clamping from [x=-0.030911, y=1.940385])";"30";"turtlesim1.sim";"1730720059.704596734";"/home/zea/ros2_ws/src/ros_tutorials/turtlesim/src/turtle.cpp:update:260"
"Oh no! I hit the wall! (Clamping from [x=-0.030911, y=1.948661])";"30";"turtlesim3.sim";"1730720059.704319824";"/home/zea/ros2_ws/src/ros_tutorials/turtlesim/src/turtle.cpp:update:260"
"Oh no! I hit the wall! (Clamping from [x=-0.030911, y=1.948661])";"30";"turtlesim2.sim";"1730720059.694586828";"/home/zea/ros2_ws/src/ros_tutorials/turtlesim/src/turtle.cpp:update:260"
"Oh no! I hit the wall! (Clamping from [x=-0.030911, y=1.948661])";"30";"turtlesim1.sim";"1730720059.688173276";"/home/zea/ros2_ws/src/ros_tutorials/turtlesim/src/turtle.cpp:update:260"
"Oh no! I hit the wall! (Clamping from [x=-0.030911, y=1.956937])";"30";"turtlesim2.sim";"1730720059.678020907";"/home/zea/ros2_ws/src/ros_tutorials/turtlesim/src/turtle.cpp:update:260"
"Oh no! I hit the wall! (Clamping from [x=-0.030911, y=1.965212])";"30";"turtlesim1.sim";"1730720059.656432415";"/home/zea/ros2_ws/src/ros_tutorials/turtlesim/src/turtle.cpp:update:260"
"Oh no! I hit the wall! (Clamping from [x=-0.030911, y=1.990040])";"30";"turtlesim3.sim";"1730720059.624380423";"/home/zea/ros2_ws/src/ros_tutorials/turtlesim/src/turtle.cpp:update:260"
"Oh no! I hit the wall! (Clamping from [x=-0.030911, y=1.981764])";"30";"turtlesim1.sim";"1730720059.624226088";"/home/zea/ros2_ws/src/ros_tutorials/turtlesim/src/turtle.cpp:update:260"
"Oh no! I hit the wall! (Clamping from [x=-0.030911, y=1.990040])";"30";"turtlesim2.sim";"1730720059.613956945";"/home/zea/ros2_ws/src/ros_tutorials/turtlesim/src/turtle.cpp:update:260"
"Oh no! I hit the wall! (Clamping from [x=-0.030911, y=1.990040])";"30";"turtlesim1.sim";"1730720059.608496578";"/home/zea/ros2_ws/src/ros_tutorials/turtlesim/src/turtle.cpp:update:260"
"Oh no! I hit the wall! (Clamping from [x=-0.030911, y=1.998316])";"30";"turtlesim3.sim";"1730720059.607891884";"/home/zea/ros2_ws/src/ros_tutorials/turtlesim/src/turtle.cpp:update:260"
"Oh no! I hit the wall! (Clamping from [x=-0.030911, y=1.998316])";"30";"turtlesim2.sim";"1730720059.598034890";"/home/zea/ros2_ws/src/ros_tutorials/turtlesim/src/turtle.cpp:update:260"
"Oh no! I hit the wall! (Clamping from [x=-0.030911, y=1.998316])";"30";"turtlesim1.sim";"1730720059.592226983";"/home/zea/ros2_ws/src/ros_tutorials/turtlesim/src/turtle.cpp:update:260"
"Oh no! I hit the wall! (Clamping from [x=-0.030911, y=2.006592])";"30";"turtlesim3.sim";"1730720059.591668274";"/home/zea/ros2_ws/src/ros_tutorials/turtlesim/src/turtle.cpp:update:260"
"Oh no! I hit the wall! (Clamping from [x=-0.030911, y=2.006592])";"30";"turtlesim2.sim";"1730720059.582729320";"/home/zea/ros2_ws/src/ros_tutorials/turtlesim/src/turtle.cpp:update:260"
"Oh no! I hit the wall! (Clamping from [x=-0.030911, y=2.006592])";"30";"turtlesim1.sim";"1730720059.576601113";"/home/zea/ros2_ws/src/ros_tutorials/turtlesim/src/turtle.cpp:update:260"
"Oh no! I hit the wall! (Clamping from [x=-0.030911, y=2.014867])";"30";"turtlesim3.sim";"1730720059.576229719";"/home/zea/ros2_ws/src/ros_tutorials/turtlesim/src/turtle.cpp:update:260"
"Oh no! I hit the wall! (Clamping from [x=-0.030911, y=2.014867])";"30";"turtlesim2.sim";"1730720059.566293328";"/home/zea/ros2_ws/src/ros_tutorials/turtlesim/src/turtle.cpp:update:260"
"Oh no! I hit the wall! (Clamping from [x=-0.030911, y=2.014867])";"30";"turtlesim1.sim";"1730720059.560860732";"/home/zea/ros2_ws/src/ros_tutorials/turtlesim/src/turtle.cpp:update:260"
"Oh no! I hit the wall! (Clamping from [x=-0.030911, y=2.023143])";"30";"turtlesim3.sim";"1730720059.560274713";"/home/zea/ros2_ws/src/ros_tutorials/turtlesim/src/turtle.cpp:update:260"
"Oh no! I hit the wall! (Clamping from [x=-0.030911, y=2.023143])";"30";"turtlesim2.sim";"1730720059.549783180";"/home/zea/ros2_ws/src/ros_tutorials/turtlesim/src/turtle.cpp:update:260"
"Oh no! I hit the wall! (Clamping from [x=-0.030911, y=2.023143])";"30";"turtlesim1.sim";"1730720059.544295122";"/home/zea/ros2_ws/src/ros_tutorials/turtlesim/src/turtle.cpp:update:260"
"Oh no! I hit the wall! (Clamping from [x=-0.030911, y=2.031419])";"30";"turtlesim3.sim";"1730720059.544262492";"/home/zea/ros2_ws/src/ros_tutorials/turtlesim/src/turtle.cpp:update:260"
"Oh no! I hit the wall! (Clamping from [x=-0.030911, y=2.031419])";"30";"turtlesim2.sim";"1730720059.534554111";"/home/zea/ros2_ws/src/ros_tutorials/turtlesim/src/turtle.cpp:update:260"
"Oh no! I hit the wall! (Clamping from [x=-0.030911, y=2.031419])";"30";"turtlesim1.sim";"1730720059.528353962";"/home/zea/ros2_ws/src/ros_tutorials/turtlesim/src/turtle.cpp:update:260"
"Oh no! I hit the wall! (Clamping from [x=-0.030911, y=2.039695])";"30";"turtlesim3.sim";"1730720059.528282941";"/home/zea/ros2_ws/src/ros_tutorials/turtlesim/src/turtle.cpp:update:260"
"Oh no! I hit the wall! (Clamping from [x=-0.030911, y=2.039695])";"30";"turtlesim2.sim";"1730720059.518345979";"/home/zea/ros2_ws/src/ros_tutorials/turtlesim/src/turtle.cpp:update:260"
"Oh no! I hit the wall! (Clamping from [x=-0.030911, y=2.047971])";"30";"turtlesim3.sim";"1730720059.512508838";"/home/zea/ros2_ws/src/ros_tutorials/turtlesim/src/turtle.cpp:update:260"
"Oh no! I hit the wall! (Clamping from [x=-0.030911, y=2.039695])";"30";"turtlesim1.sim";"1730720059.511831681";"/home/zea/ros2_ws/src/ros_tutorials/turtlesim/src/turtle.cpp:update:260"
"Oh no! I hit the wall! (Clamping from [x=-0.030911, y=2.047971])";"30";"turtlesim2.sim";"1730720059.502146052";"/home/zea/ros2_ws/src/ros_tutorials/turtlesim/src/turtle.cpp:update:260"
"Oh no! I hit the wall! (Clamping from [x=-0.030911, y=2.047971])";"30";"turtlesim1.sim";"1730720059.496301317";"/home/zea/ros2_ws/src/ros_tutorials/turtlesim/src/turtle.cpp:update:260"
"Oh no! I hit the wall! (Clamping from [x=-0.030911, y=2.056246])";"30";"turtlesim3.sim";"1730720059.496080000";"/home/zea/ros2_ws/src/ros_tutorials/turtlesim/src/turtle.cpp:update:260"
"Oh no! I hit the wall! (Clamping from [x=-0.030911, y=2.056246])";"30";"turtlesim2.sim";"1730720059.486615559";"/home/zea/ros2_ws/src/ros_tutorials/turtlesim/src/turtle.cpp:update:260"
"Oh no! I hit the wall! (Clamping from [x=-0.030911, y=2.056246])";"30";"turtlesim1.sim";"1730720059.480595551";"/home/zea/ros2_ws/src/ros_tutorials/turtlesim/src/turtle.cpp:update:260"
"Oh no! I hit the wall! (Clamping from [x=-0.030911, y=2.064522])";"30";"turtlesim3.sim";"1730720059.480430477";"/home/zea/ros2_ws/src/ros_tutorials/turtlesim/src/turtle.cpp:update:260"
"Oh no! I hit the wall! (Clamping from [x=-0.030911, y=2.064522])";"30";"turtlesim2.sim";"1730720059.470279701";"/home/zea/ros2_ws/src/ros_tutorials/turtlesim/src/turtle.cpp:update:260"
"Oh no! I hit the wall! (Clamping from [x=-0.030911, y=2.064522])";"30";"turtlesim1.sim";"1730720059.463972465";"/home/zea/ros2_ws/src/ros_tutorials/turtlesim/src/turtle.cpp:update:260"
"Oh no! I hit the wall! (Clamping from [x=-0.030911, y=2.072798])";"30";"turtlesim3.sim";"1730720059.463948611";"/home/zea/ros2_ws/src/ros_tutorials/turtlesim/src/turtle.cpp:update:260"
"Oh no! I hit the wall! (Clamping from [x=-0.030911, y=2.072798])";"30";"turtlesim2.sim";"1730720059.454059307";"/home/zea/ros2_ws/src/ros_tutorials/turtlesim/src/turtle.cpp:update:260"
"Oh no! I hit the wall! (Clamping from [x=-0.030911, y=2.081074])";"30";"turtlesim3.sim";"1730720059.448978569";"/home/zea/ros2_ws/src/ros_tutorials/turtlesim/src/turtle.cpp:update:260"
"Oh no! I hit the wall! (Clamping from [x=-0.030911, y=2.072798])";"30";"turtlesim1.sim";"1730720059.448914591";"/home/zea/ros2_ws/src/ros_tutorials/turtlesim/src/turtle.cpp:update:260"
"Oh no! I hit the wall! (Clamping from [x=-0.030911, y=2.081074])";"30";"turtlesim2.sim";"1730720059.437655354";"/home/zea/ros2_ws/src/ros_tutorials/turtlesim/src/turtle.cpp:update:260"
"Oh no! I hit the wall! (Clamping from [x=-0.030911, y=2.081074])";"30";"turtlesim1.sim";"1730720059.432231114";"/home/zea/ros2_ws/src/ros_tutorials/turtlesim/src/turtle.cpp:update:260"
"Oh no! I hit the wall! (Clamping from [x=-0.030911, y=2.089350])";"30";"turtlesim3.sim";"1730720059.432162347";"/home/zea/ros2_ws/src/ros_tutorials/turtlesim/src/turtle.cpp:update:260"
"Oh no! I hit the wall! (Clamping from [x=-0.030911, y=2.089350])";"30";"turtlesim2.sim";"1730720059.422329206";"/home/zea/ros2_ws/src/ros_tutorials/turtlesim/src/turtle.cpp:update:260"
"Oh no! I hit the wall! (Clamping from [x=-0.030911, y=2.097626])";"30";"turtlesim3.sim";"1730720059.416749760";"/home/zea/ros2_ws/src/ros_tutorials/turtlesim/src/turtle.cpp:update:260"
"Oh no! I hit the wall! (Clamping from [x=-0.030911, y=2.089350])";"30";"turtlesim1.sim";"1730720059.416655477";"/home/zea/ros2_ws/src/ros_tutorials/turtlesim/src/turtle.cpp:update:260"
"Oh no! I hit the wall! (Clamping from [x=-0.030911, y=2.097626])";"30";"turtlesim2.sim";"1730720059.406382416";"/home/zea/ros2_ws/src/ros_tutorials/turtlesim/src/turtle.cpp:update:260"
"Oh no! I hit the wall! (Clamping from [x=-0.030911, y=2.105901])";"30";"turtlesim3.sim";"1730720059.400182647";"/home/zea/ros2_ws/src/ros_tutorials/turtlesim/src/turtle.cpp:update:260"
"Oh no! I hit the wall! (Clamping from [x=-0.030911, y=2.097626])";"30";"turtlesim1.sim";"1730720059.400168301";"/home/zea/ros2_ws/src/ros_tutorials/turtlesim/src/turtle.cpp:update:260"
"Oh no! I hit the wall! (Clamping from [x=-0.030911, y=2.105901])";"30";"turtlesim2.sim";"1730720059.389917551";"/home/zea/ros2_ws/src/ros_tutorials/turtlesim/src/turtle.cpp:update:260"
"Oh no! I hit the wall! (Clamping from [x=-0.030911, y=2.114177])";"30";"turtlesim3.sim";"1730720059.383749951";"/home/zea/ros2_ws/src/ros_tutorials/turtlesim/src/turtle.cpp:update:260"
"Oh no! I hit the wall! (Clamping from [x=-0.030911, y=2.105901])";"30";"turtlesim1.sim";"1730720059.383722330";"/home/zea/ros2_ws/src/ros_tutorials/turtlesim/src/turtle.cpp:update:260"
"Oh no! I hit the wall! (Clamping from [x=-0.030911, y=2.114177])";"30";"turtlesim2.sim";"1730720059.373725749";"/home/zea/ros2_ws/src/ros_tutorials/turtlesim/src/turtle.cpp:update:260"
"Oh no! I hit the wall! (Clamping from [x=-0.030911, y=2.114177])";"30";"turtlesim1.sim";"1730720059.368775752";"/home/zea/ros2_ws/src/ros_tutorials/turtlesim/src/turtle.cpp:update:260"
"Oh no! I hit the wall! (Clamping from [x=-0.030911, y=2.122453])";"30";"turtlesim3.sim";"1730720059.368229736";"/home/zea/ros2_ws/src/ros_tutorials/turtlesim/src/turtle.cpp:update:260"
"Oh no! I hit the wall! (Clamping from [x=-0.030911, y=2.122453])";"30";"turtlesim2.sim";"1730720059.358304757";"/home/zea/ros2_ws/src/ros_tutorials/turtlesim/src/turtle.cpp:update:260"
"Oh no! I hit the wall! (Clamping from [x=-0.030911, y=2.122453])";"30";"turtlesim1.sim";"1730720059.352422933";"/home/zea/ros2_ws/src/ros_tutorials/turtlesim/src/turtle.cpp:update:260"
"Oh no! I hit the wall! (Clamping from [x=-0.030911, y=2.130729])";"30";"turtlesim3.sim";"1730720059.351965311";"/home/zea/ros2_ws/src/ros_tutorials/turtlesim/src/turtle.cpp:update:260"
"Oh no! I hit the wall! (Clamping from [x=-0.030911, y=2.130729])";"30";"turtlesim2.sim";"1730720059.341924197";"/home/zea/ros2_ws/src/ros_tutorials/turtlesim/src/turtle.cpp:update:260"
"Oh no! I hit the wall! (Clamping from [x=-0.030911, y=2.139005])";"30";"turtlesim3.sim";"1730720059.335986171";"/home/zea/ros2_ws/src/ros_tutorials/turtlesim/src/turtle.cpp:update:260"
"Oh no! I hit the wall! (Clamping from [x=-0.030911, y=2.130729])";"30";"turtlesim1.sim";"1730720059.335884484";"/home/zea/ros2_ws/src/ros_tutorials/turtlesim/src/turtle.cpp:update:260"
"Oh no! I hit the wall! (Clamping from [x=-0.030911, y=2.139005])";"30";"turtlesim2.sim";"1730720059.325807484";"/home/zea/ros2_ws/src/ros_tutorials/turtlesim/src/turtle.cpp:update:260"
"Oh no! I hit the wall! (Clamping from [x=-0.030911, y=2.139005])";"30";"turtlesim1.sim";"1730720059.320653020";"/home/zea/ros2_ws/src/ros_tutorials/turtlesim/src/turtle.cpp:update:260"
"Oh no! I hit the wall! (Clamping from [x=-0.030911, y=2.147280])";"30";"turtlesim3.sim";"1730720059.320652980";"/home/zea/ros2_ws/src/ros_tutorials/turtlesim/src/turtle.cpp:update:260"
"Oh no! I hit the wall! (Clamping from [x=-0.030911, y=2.147280])";"30";"turtlesim2.sim";"1730720059.309771529";"/home/zea/ros2_ws/src/ros_tutorials/turtlesim/src/turtle.cpp:update:260"
"Oh no! I hit the wall! (Clamping from [x=-0.030911, y=2.155556])";"30";"turtlesim3.sim";"1730720059.304387873";"/home/zea/ros2_ws/src/ros_tutorials/turtlesim/src/turtle.cpp:update:260"
"Oh no! I hit the wall! (Clamping from [x=-0.030911, y=2.147280])";"30";"turtlesim1.sim";"1730720059.304407069";"/home/zea/ros2_ws/src/ros_tutorials/turtlesim/src/turtle.cpp:update:260"
"Oh no! I hit the wall! (Clamping from [x=-0.030911, y=2.155556])";"30";"turtlesim2.sim";"1730720059.294243049";"/home/zea/ros2_ws/src/ros_tutorials/turtlesim/src/turtle.cpp:update:260"
"Oh no! I hit the wall! (Clamping from [x=-0.030911, y=2.163832])";"30";"turtlesim3.sim";"1730720059.288662380";"/home/zea/ros2_ws/src/ros_tutorials/turtlesim/src/turtle.cpp:update:260"
"Oh no! I hit the wall! (Clamping from [x=-0.030911, y=2.155556])";"30";"turtlesim1.sim";"1730720059.288662360";"/home/zea/ros2_ws/src/ros_tutorials/turtlesim/src/turtle.cpp:update:260"
"Oh no! I hit the wall! (Clamping from [x=-0.030911, y=2.163832])";"30";"turtlesim2.sim";"1730720059.278007917";"/home/zea/ros2_ws/src/ros_tutorials/turtlesim/src/turtle.cpp:update:260"
"Oh no! I hit the wall! (Clamping from [x=-0.030911, y=2.172108])";"30";"turtlesim3.sim";"1730720059.272094145";"/home/zea/ros2_ws/src/ros_tutorials/turtlesim/src/turtle.cpp:update:260"
"Oh no! I hit the wall! (Clamping from [x=-0.030911, y=2.163832])";"30";"turtlesim1.sim";"1730720059.272094115";"/home/zea/ros2_ws/src/ros_tutorials/turtlesim/src/turtle.cpp:update:260"
"Oh no! I hit the wall! (Clamping from [x=-0.030911, y=2.172108])";"30";"turtlesim2.sim";"1730720059.262519651";"/home/zea/ros2_ws/src/ros_tutorials/turtlesim/src/turtle.cpp:update:260"
"Oh no! I hit the wall! (Clamping from [x=-0.030911, y=2.172108])";"30";"turtlesim1.sim";"1730720059.256356529";"/home/zea/ros2_ws/src/ros_tutorials/turtlesim/src/turtle.cpp:update:260"
"Oh no! I hit the wall! (Clamping from [x=-0.030911, y=2.180384])";"30";"turtlesim3.sim";"1730720059.256356519";"/home/zea/ros2_ws/src/ros_tutorials/turtlesim/src/turtle.cpp:update:260"
"Oh no! I hit the wall! (Clamping from [x=-0.030911, y=2.180384])";"30";"turtlesim2.sim";"1730720059.245700042";"/home/zea/ros2_ws/src/ros_tutorials/turtlesim/src/turtle.cpp:update:260"
"Oh no! I hit the wall! (Clamping from [x=-0.030911, y=2.180384])";"30";"turtlesim1.sim";"1730720059.240320454";"/home/zea/ros2_ws/src/ros_tutorials/turtlesim/src/turtle.cpp:update:260"
"Oh no! I hit the wall! (Clamping from [x=-0.030911, y=2.188660])";"30";"turtlesim3.sim";"1730720059.240320294";"/home/zea/ros2_ws/src/ros_tutorials/turtlesim/src/turtle.cpp:update:260"
"Oh no! I hit the wall! (Clamping from [x=-0.030911, y=2.188660])";"30";"turtlesim2.sim";"1730720059.230324043";"/home/zea/ros2_ws/src/ros_tutorials/turtlesim/src/turtle.cpp:update:260"
"Oh no! I hit the wall! (Clamping from [x=-0.030911, y=2.196935])";"30";"turtlesim3.sim";"1730720059.224549497";"/home/zea/ros2_ws/src/ros_tutorials/turtlesim/src/turtle.cpp:update:260"
"Oh no! I hit the wall! (Clamping from [x=-0.030911, y=2.188660])";"30";"turtlesim1.sim";"1730720059.224549507";"/home/zea/ros2_ws/src/ros_tutorials/turtlesim/src/turtle.cpp:update:260"
"Oh no! I hit the wall! (Clamping from [x=-0.030911, y=2.196935])";"30";"turtlesim2.sim";"1730720059.214187312";"/home/zea/ros2_ws/src/ros_tutorials/turtlesim/src/turtle.cpp:update:260"
"Oh no! I hit the wall! (Clamping from [x=-0.030911, y=2.205211])";"30";"turtlesim3.sim";"1730720059.207841465";"/home/zea/ros2_ws/src/ros_tutorials/turtlesim/src/turtle.cpp:update:260"
"Oh no! I hit the wall! (Clamping from [x=-0.030911, y=2.196935])";"30";"turtlesim1.sim";"1730720059.207753422";"/home/zea/ros2_ws/src/ros_tutorials/turtlesim/src/turtle.cpp:update:260"
"Oh no! I hit the wall! (Clamping from [x=-0.030911, y=2.205211])";"30";"turtlesim2.sim";"1730720059.197903211";"/home/zea/ros2_ws/src/ros_tutorials/turtlesim/src/turtle.cpp:update:260"
"Oh no! I hit the wall! (Clamping from [x=-0.030911, y=2.205211])";"30";"turtlesim1.sim";"1730720059.192126772";"/home/zea/ros2_ws/src/ros_tutorials/turtlesim/src/turtle.cpp:update:260"
"Oh no! I hit the wall! (Clamping from [x=-0.030911, y=2.213487])";"30";"turtlesim3.sim";"1730720059.192126822";"/home/zea/ros2_ws/src/ros_tutorials/turtlesim/src/turtle.cpp:update:260"
"Oh no! I hit the wall! (Clamping from [x=-0.030911, y=2.213487])";"30";"turtlesim2.sim";"1730720059.182394747";"/home/zea/ros2_ws/src/ros_tutorials/turtlesim/src/turtle.cpp:update:260"
"Oh no! I hit the wall! (Clamping from [x=-0.030911, y=2.213487])";"30";"turtlesim1.sim";"1730720059.176136190";"/home/zea/ros2_ws/src/ros_tutorials/turtlesim/src/turtle.cpp:update:260"
"Oh no! I hit the wall! (Clamping from [x=-0.030911, y=2.221763])";"30";"turtlesim3.sim";"1730720059.176128136";"/home/zea/ros2_ws/src/ros_tutorials/turtlesim/src/turtle.cpp:update:260"
"Oh no! I hit the wall! (Clamping from [x=-0.030911, y=2.221763])";"30";"turtlesim2.sim";"1730720059.166477722";"/home/zea/ros2_ws/src/ros_tutorials/turtlesim/src/turtle.cpp:update:260"
"Oh no! I hit the wall! (Clamping from [x=-0.030911, y=2.221763])";"30";"turtlesim1.sim";"1730720059.159831811";"/home/zea/ros2_ws/src/ros_tutorials/turtlesim/src/turtle.cpp:update:260"
"Oh no! I hit the wall! (Clamping from [x=-0.030911, y=2.230039])";"30";"turtlesim3.sim";"1730720059.159831551";"/home/zea/ros2_ws/src/ros_tutorials/turtlesim/src/turtle.cpp:update:260"
"Oh no! I hit the wall! (Clamping from [x=-0.030911, y=2.230039])";"30";"turtlesim2.sim";"1730720059.149911280";"/home/zea/ros2_ws/src/ros_tutorials/turtlesim/src/turtle.cpp:update:260"
"Oh no! I hit the wall! (Clamping from [x=-0.030911, y=2.238314])";"30";"turtlesim3.sim";"1730720059.144226169";"/home/zea/ros2_ws/src/ros_tutorials/turtlesim/src/turtle.cpp:update:260"
"Oh no! I hit the wall! (Clamping from [x=-0.030911, y=2.230039])";"30";"turtlesim1.sim";"1730720059.144210239";"/home/zea/ros2_ws/src/ros_tutorials/turtlesim/src/turtle.cpp:update:260"
"Oh no! I hit the wall! (Clamping from [x=-0.030911, y=2.238314])";"30";"turtlesim2.sim";"1730720059.133830592";"/home/zea/ros2_ws/src/ros_tutorials/turtlesim/src/turtle.cpp:update:260"
"Oh no! I hit the wall! (Clamping from [x=-0.030911, y=2.246590])";"30";"turtlesim3.sim";"1730720059.127765091";"/home/zea/ros2_ws/src/ros_tutorials/turtlesim/src/turtle.cpp:update:260"
"Oh no! I hit the wall! (Clamping from [x=-0.030911, y=2.238314])";"30";"turtlesim1.sim";"1730720059.127765101";"/home/zea/ros2_ws/src/ros_tutorials/turtlesim/src/turtle.cpp:update:260"
"Oh no! I hit the wall! (Clamping from [x=-0.030911, y=2.246590])";"30";"turtlesim2.sim";"1730720059.118402016";"/home/zea/ros2_ws/src/ros_tutorials/turtlesim/src/turtle.cpp:update:260"
"Oh no! I hit the wall! (Clamping from [x=-0.030911, y=2.246590])";"30";"turtlesim1.sim";"1730720059.112463468";"/home/zea/ros2_ws/src/ros_tutorials/turtlesim/src/turtle.cpp:update:260"
"Oh no! I hit the wall! (Clamping from [x=-0.030911, y=2.254866])";"30";"turtlesim3.sim";"1730720059.112148358";"/home/zea/ros2_ws/src/ros_tutorials/turtlesim/src/turtle.cpp:update:260"
"Oh no! I hit the wall! (Clamping from [x=-0.030911, y=2.254866])";"30";"turtlesim2.sim";"1730720059.102160933";"/home/zea/ros2_ws/src/ros_tutorials/turtlesim/src/turtle.cpp:update:260"
"Oh no! I hit the wall! (Clamping from [x=-0.030911, y=2.254866])";"30";"turtlesim1.sim";"1730720059.096728448";"/home/zea/ros2_ws/src/ros_tutorials/turtlesim/src/turtle.cpp:update:260"
"Oh no! I hit the wall! (Clamping from [x=-0.030911, y=2.263142])";"30";"turtlesim3.sim";"1730720059.095812591";"/home/zea/ros2_ws/src/ros_tutorials/turtlesim/src/turtle.cpp:update:260"
"Oh no! I hit the wall! (Clamping from [x=-0.030911, y=2.263142])";"30";"turtlesim2.sim";"1730720059.086516750";"/home/zea/ros2_ws/src/ros_tutorials/turtlesim/src/turtle.cpp:update:260"
"Oh no! I hit the wall! (Clamping from [x=-0.030911, y=2.263142])";"30";"turtlesim1.sim";"1730720059.080172936";"/home/zea/ros2_ws/src/ros_tutorials/turtlesim/src/turtle.cpp:update:260"
"Oh no! I hit the wall! (Clamping from [x=-0.030911, y=2.271418])";"30";"turtlesim3.sim";"1730720059.080173106";"/home/zea/ros2_ws/src/ros_tutorials/turtlesim/src/turtle.cpp:update:260"
"Oh no! I hit the wall! (Clamping from [x=-0.030911, y=2.271418])";"30";"turtlesim2.sim";"1730720059.070006722";"/home/zea/ros2_ws/src/ros_tutorials/turtlesim/src/turtle.cpp:update:260"
"Oh no! I hit the wall! (Clamping from [x=-0.030911, y=2.279694])";"30";"turtlesim3.sim";"1730720059.064250340";"/home/zea/ros2_ws/src/ros_tutorials/turtlesim/src/turtle.cpp:update:260"
"Oh no! I hit the wall! (Clamping from [x=-0.030911, y=2.271418])";"30";"turtlesim1.sim";"1730720059.064250230";"/home/zea/ros2_ws/src/ros_tutorials/turtlesim/src/turtle.cpp:update:260"
"Oh no! I hit the wall! (Clamping from [x=-0.030911, y=2.279694])";"30";"turtlesim2.sim";"1730720059.053835177";"/home/zea/ros2_ws/src/ros_tutorials/turtlesim/src/turtle.cpp:update:260"
"Oh no! I hit the wall! (Clamping from [x=-0.030911, y=2.279694])";"30";"turtlesim1.sim";"1730720059.047890649";"/home/zea/ros2_ws/src/ros_tutorials/turtlesim/src/turtle.cpp:update:260"
"Oh no! I hit the wall! (Clamping from [x=-0.030911, y=2.287969])";"30";"turtlesim3.sim";"1730720059.047890558";"/home/zea/ros2_ws/src/ros_tutorials/turtlesim/src/turtle.cpp:update:260"
"Oh no! I hit the wall! (Clamping from [x=-0.030911, y=2.287969])";"30";"turtlesim2.sim";"1730720059.038501336";"/home/zea/ros2_ws/src/ros_tutorials/turtlesim/src/turtle.cpp:update:260"
"Oh no! I hit the wall! (Clamping from [x=-0.030911, y=2.287969])";"30";"turtlesim1.sim";"1730720059.032608863";"/home/zea/ros2_ws/src/ros_tutorials/turtlesim/src/turtle.cpp:update:260"
"Oh no! I hit the wall! (Clamping from [x=-0.030911, y=2.296245])";"30";"turtlesim3.sim";"1730720059.032652624";"/home/zea/ros2_ws/src/ros_tutorials/turtlesim/src/turtle.cpp:update:260"
"Oh no! I hit the wall! (Clamping from [x=-0.030911, y=2.296245])";"30";"turtlesim2.sim";"1730720059.022052350";"/home/zea/ros2_ws/src/ros_tutorials/turtlesim/src/turtle.cpp:update:260"
"Oh no! I hit the wall! (Clamping from [x=-0.030911, y=2.296245])";"30";"turtlesim1.sim";"1730720059.016147074";"/home/zea/ros2_ws/src/ros_tutorials/turtlesim/src/turtle.cpp:update:260"
"Oh no! I hit the wall! (Clamping from [x=-0.030911, y=2.304521])";"30";"turtlesim3.sim";"1730720059.016147204";"/home/zea/ros2_ws/src/ros_tutorials/turtlesim/src/turtle.cpp:update:260"
"Oh no! I hit the wall! (Clamping from [x=-0.030911, y=2.304521])";"30";"turtlesim2.sim";"1730720059.006647928";"/home/zea/ros2_ws/src/ros_tutorials/turtlesim/src/turtle.cpp:update:260"
"Oh no! I hit the wall! (Clamping from [x=-0.030911, y=2.312797])";"30";"turtlesim3.sim";"1730720059.000638180";"/home/zea/ros2_ws/src/ros_tutorials/turtlesim/src/turtle.cpp:update:260"
"Oh no! I hit the wall! (Clamping from [x=-0.030911, y=2.321073])";"30";"turtlesim3.sim";"1730720058.984256728";"/home/zea/ros2_ws/src/ros_tutorials/turtlesim/src/turtle.cpp:update:260"
"Oh no! I hit the wall! (Clamping from [x=-0.030911, y=2.312797])";"30";"turtlesim1.sim";"1730720058.984256638";"/home/zea/ros2_ws/src/ros_tutorials/turtlesim/src/turtle.cpp:update:260"
"Oh no! I hit the wall! (Clamping from [x=-0.030911, y=2.321073])";"30";"turtlesim2.sim";"1730720058.974028791";"/home/zea/ros2_ws/src/ros_tutorials/turtlesim/src/turtle.cpp:update:260"
"Oh no! I hit the wall! (Clamping from [x=-0.030911, y=2.345900])";"30";"turtlesim3.sim";"1730720058.936010109";"/home/zea/ros2_ws/src/ros_tutorials/turtlesim/src/turtle.cpp:update:260"
"Oh no! I hit the wall! (Clamping from [x=-0.030911, y=2.345900])";"30";"turtlesim2.sim";"1730720058.925924082";"/home/zea/ros2_ws/src/ros_tutorials/turtlesim/src/turtle.cpp:update:260"
"Oh no! I hit the wall! (Clamping from [x=-0.030911, y=2.370728])";"30";"turtlesim3.sim";"1730720058.888149560";"/home/zea/ros2_ws/src/ros_tutorials/turtlesim/src/turtle.cpp:update:260"
"Oh no! I hit the wall! (Clamping from [x=-0.030911, y=2.362452])";"30";"turtlesim1.sim";"1730720058.888136416";"/home/zea/ros2_ws/src/ros_tutorials/turtlesim/src/turtle.cpp:update:260"
"Oh no! I hit the wall! (Clamping from [x=-0.030911, y=2.370728])";"30";"turtlesim2.sim";"1730720058.877884394";"/home/zea/ros2_ws/src/ros_tutorials/turtlesim/src/turtle.cpp:update:260"
"Oh no! I hit the wall! (Clamping from [x=-0.030911, y=2.412107])";"30";"turtlesim2.sim";"1730720058.798119314";"/home/zea/ros2_ws/src/ros_tutorials/turtlesim/src/turtle.cpp:update:260"
"Oh no! I hit the wall! (Clamping from [x=-0.030911, y=2.420382])";"30";"turtlesim3.sim";"1730720058.792294145";"/home/zea/ros2_ws/src/ros_tutorials/turtlesim/src/turtle.cpp:update:260"
"Oh no! I hit the wall! (Clamping from [x=-0.030911, y=2.412107])";"30";"turtlesim1.sim";"1730720058.792285008";"/home/zea/ros2_ws/src/ros_tutorials/turtlesim/src/turtle.cpp:update:260"
"Oh no! I hit the wall! (Clamping from [x=-0.030911, y=2.420382])";"30";"turtlesim2.sim";"1730720058.781763620";"/home/zea/ros2_ws/src/ros_tutorials/turtlesim/src/turtle.cpp:update:260"
"Oh no! I hit the wall! (Clamping from [x=-0.030911, y=2.428658])";"30";"turtlesim3.sim";"1730720058.776030331";"/home/zea/ros2_ws/src/ros_tutorials/turtlesim/src/turtle.cpp:update:260"
"Oh no! I hit the wall! (Clamping from [x=-0.030911, y=2.420382])";"30";"turtlesim1.sim";"1730720058.776030040";"/home/zea/ros2_ws/src/ros_tutorials/turtlesim/src/turtle.cpp:update:260"
"Oh no! I hit the wall! (Clamping from [x=-0.030911, y=2.428658])";"30";"turtlesim2.sim";"1730720058.766478799";"/home/zea/ros2_ws/src/ros_tutorials/turtlesim/src/turtle.cpp:update:260"
"Oh no! I hit the wall! (Clamping from [x=-0.030911, y=2.428658])";"30";"turtlesim1.sim";"1730720058.759773349";"/home/zea/ros2_ws/src/ros_tutorials/turtlesim/src/turtle.cpp:update:260"
"Oh no! I hit the wall! (Clamping from [x=-0.030911, y=2.436934])";"30";"turtlesim3.sim";"1730720058.759728416";"/home/zea/ros2_ws/src/ros_tutorials/turtlesim/src/turtle.cpp:update:260"
"Oh no! I hit the wall! (Clamping from [x=-0.030911, y=2.436934])";"30";"turtlesim2.sim";"1730720058.749925461";"/home/zea/ros2_ws/src/ros_tutorials/turtlesim/src/turtle.cpp:update:260"
"Oh no! I hit the wall! (Clamping from [x=-0.030911, y=2.453486])";"30";"turtlesim2.sim";"1730720058.718259038";"/home/zea/ros2_ws/src/ros_tutorials/turtlesim/src/turtle.cpp:update:260"
"Oh no! I hit the wall! (Clamping from [x=-0.030911, y=2.461762])";"30";"turtlesim2.sim";"1730720058.701849135";"/home/zea/ros2_ws/src/ros_tutorials/turtlesim/src/turtle.cpp:update:260"
"Oh no! I hit the wall! (Clamping from [x=-0.030911, y=2.478313])";"30";"turtlesim3.sim";"1730720058.680276132";"/home/zea/ros2_ws/src/ros_tutorials/turtlesim/src/turtle.cpp:update:260"
"Oh no! I hit the wall! (Clamping from [x=-0.030911, y=2.478313])";"30";"turtlesim2.sim";"1730720058.670230350";"/home/zea/ros2_ws/src/ros_tutorials/turtlesim/src/turtle.cpp:update:260"
"Oh no! I hit the wall! (Clamping from [x=-0.030911, y=2.478313])";"30";"turtlesim1.sim";"1730720058.663883460";"/home/zea/ros2_ws/src/ros_tutorials/turtlesim/src/turtle.cpp:update:260"
"Oh no! I hit the wall! (Clamping from [x=-0.030911, y=2.486589])";"30";"turtlesim3.sim";"1730720058.663883250";"/home/zea/ros2_ws/src/ros_tutorials/turtlesim/src/turtle.cpp:update:260"
"Oh no! I hit the wall! (Clamping from [x=-0.030911, y=2.486589])";"30";"turtlesim2.sim";"1730720058.653987995";"/home/zea/ros2_ws/src/ros_tutorials/turtlesim/src/turtle.cpp:update:260"
"Oh no! I hit the wall! (Clamping from [x=-0.030911, y=2.494865])";"30";"turtlesim3.sim";"1730720058.648190788";"/home/zea/ros2_ws/src/ros_tutorials/turtlesim/src/turtle.cpp:update:260"
"Oh no! I hit the wall! (Clamping from [x=-0.030911, y=2.486589])";"30";"turtlesim1.sim";"1730720058.648197380";"/home/zea/ros2_ws/src/ros_tutorials/turtlesim/src/turtle.cpp:update:260"
"Oh no! I hit the wall! (Clamping from [x=-0.030911, y=2.494865])";"30";"turtlesim2.sim";"1730720058.638505219";"/home/zea/ros2_ws/src/ros_tutorials/turtlesim/src/turtle.cpp:update:260"
"Oh no! I hit the wall! (Clamping from [x=-0.030911, y=2.494865])";"30";"turtlesim1.sim";"1730720058.632491193";"/home/zea/ros2_ws/src/ros_tutorials/turtlesim/src/turtle.cpp:update:260"
"Oh no! I hit the wall! (Clamping from [x=-0.030911, y=2.503141])";"30";"turtlesim3.sim";"1730720058.632495541";"/home/zea/ros2_ws/src/ros_tutorials/turtlesim/src/turtle.cpp:update:260"
"Oh no! I hit the wall! (Clamping from [x=-0.030911, y=2.503141])";"30";"turtlesim2.sim";"1730720058.622112728";"/home/zea/ros2_ws/src/ros_tutorials/turtlesim/src/turtle.cpp:update:260"
"Oh no! I hit the wall! (Clamping from [x=-0.030911, y=2.511416])";"30";"turtlesim3.sim";"1730720058.616445219";"/home/zea/ros2_ws/src/ros_tutorials/turtlesim/src/turtle.cpp:update:260"
"Oh no! I hit the wall! (Clamping from [x=-0.030911, y=2.503141])";"30";"turtlesim1.sim";"1730720058.616445299";"/home/zea/ros2_ws/src/ros_tutorials/turtlesim/src/turtle.cpp:update:260"
"Oh no! I hit the wall! (Clamping from [x=-0.030911, y=2.511416])";"30";"turtlesim2.sim";"1730720058.606496406";"/home/zea/ros2_ws/src/ros_tutorials/turtlesim/src/turtle.cpp:update:260"
"Oh no! I hit the wall! (Clamping from [x=-0.030911, y=2.511416])";"30";"turtlesim1.sim";"1730720058.600626144";"/home/zea/ros2_ws/src/ros_tutorials/turtlesim/src/turtle.cpp:update:260"
"Oh no! I hit the wall! (Clamping from [x=-0.030911, y=2.519692])";"30";"turtlesim3.sim";"1730720058.600626504";"/home/zea/ros2_ws/src/ros_tutorials/turtlesim/src/turtle.cpp:update:260"
"Oh no! I hit the wall! (Clamping from [x=-0.030911, y=2.519692])";"30";"turtlesim2.sim";"1730720058.590234635";"/home/zea/ros2_ws/src/ros_tutorials/turtlesim/src/turtle.cpp:update:260"
"Oh no! I hit the wall! (Clamping from [x=-0.030911, y=2.519692])";"30";"turtlesim1.sim";"1730720058.584280799";"/home/zea/ros2_ws/src/ros_tutorials/turtlesim/src/turtle.cpp:update:260"
"Oh no! I hit the wall! (Clamping from [x=-0.030911, y=2.527968])";"30";"turtlesim3.sim";"1730720058.584289275";"/home/zea/ros2_ws/src/ros_tutorials/turtlesim/src/turtle.cpp:update:260"
"Oh no! I hit the wall! (Clamping from [x=-0.030911, y=2.527968])";"30";"turtlesim2.sim";"1730720058.574138980";"/home/zea/ros2_ws/src/ros_tutorials/turtlesim/src/turtle.cpp:update:260"
"Oh no! I hit the wall! (Clamping from [x=-0.030911, y=2.536244])";"30";"turtlesim3.sim";"1730720058.567932760";"/home/zea/ros2_ws/src/ros_tutorials/turtlesim/src/turtle.cpp:update:260"
"Oh no! I hit the wall! (Clamping from [x=-0.030911, y=2.527968])";"30";"turtlesim1.sim";"1730720058.567932459";"/home/zea/ros2_ws/src/ros_tutorials/turtlesim/src/turtle.cpp:update:260"
"Oh no! I hit the wall! (Clamping from [x=-0.030911, y=2.536244])";"30";"turtlesim2.sim";"1730720058.557810937";"/home/zea/ros2_ws/src/ros_tutorials/turtlesim/src/turtle.cpp:update:260"
"Oh no! I hit the wall! (Clamping from [x=-0.030911, y=2.536244])";"30";"turtlesim1.sim";"1730720058.552098526";"/home/zea/ros2_ws/src/ros_tutorials/turtlesim/src/turtle.cpp:update:260"
"Oh no! I hit the wall! (Clamping from [x=-0.030911, y=2.544520])";"30";"turtlesim3.sim";"1730720058.552101261";"/home/zea/ros2_ws/src/ros_tutorials/turtlesim/src/turtle.cpp:update:260"
"Oh no! I hit the wall! (Clamping from [x=-0.030911, y=2.544520])";"30";"turtlesim2.sim";"1730720058.542328372";"/home/zea/ros2_ws/src/ros_tutorials/turtlesim/src/turtle.cpp:update:260"
"Oh no! I hit the wall! (Clamping from [x=-0.030911, y=2.544520])";"30";"turtlesim1.sim";"1730720058.536457539";"/home/zea/ros2_ws/src/ros_tutorials/turtlesim/src/turtle.cpp:update:260"
"Oh no! I hit the wall! (Clamping from [x=-0.006964, y=2.552796])";"30";"turtlesim3.sim";"1730720058.536407938";"/home/zea/ros2_ws/src/ros_tutorials/turtlesim/src/turtle.cpp:update:260"
"Oh no! I hit the wall! (Clamping from [x=-0.006964, y=2.552796])";"30";"turtlesim2.sim";"1730720058.525803126";"/home/zea/ros2_ws/src/ros_tutorials/turtlesim/src/turtle.cpp:update:260"
"Oh no! I hit the wall! (Clamping from [x=-0.006964, y=2.552796])";"30";"turtlesim1.sim";"1730720058.520265928";"/home/zea/ros2_ws/src/ros_tutorials/turtlesim/src/turtle.cpp:update:260"
"Spawning turtle [turtle1] at x=[5.544445], y=[5.544445], theta=[0.000000]";"20";"turtlesim3.sim";"1730720010.474863487";"/home/zea/ros2_ws/src/ros_tutorials/turtlesim/src/turtle_frame.cpp:spawnTurtle:209"
"Spawning turtle [turtle1] at x=[5.544445], y=[5.544445], theta=[0.000000]";"20";"turtlesim1.sim";"1730720010.474863567";"/home/zea/ros2_ws/src/ros_tutorials/turtlesim/src/turtle_frame.cpp:spawnTurtle:209"
"Starting turtlesim with node name /turtlesim3/sim";"20";"turtlesim3.sim";"1730720010.463704278";"/home/zea/ros2_ws/src/ros_tutorials/turtlesim/src/turtle_frame.cpp:TurtleFrame:112"
"Starting turtlesim with node name /turtlesim1/sim";"20";"turtlesim1.sim";"1730720010.463652763";"/home/zea/ros2_ws/src/ros_tutorials/turtlesim/src/turtle_frame.cpp:TurtleFrame:112"
"Spawning turtle [turtle1] at x=[5.544445], y=[5.544445], theta=[0.000000]";"20";"turtlesim2.sim";"1730720010.454827382";"/home/zea/ros2_ws/src/ros_tutorials/turtlesim/src/turtle_frame.cpp:spawnTurtle:209"
"Starting turtlesim with node name /turtlesim2/sim";"20";"turtlesim2.sim";"1730720010.441082852";"/home/zea/ros2_ws/src/ros_tutorials/turtlesim/src/turtle_frame.cpp:TurtleFrame:112"
"Spawning turtle [turtle1] at x=[5.544445], y=[5.544445], theta=[0.000000]";"20";"turtlesim1.sim";"1730719995.921017509";"/home/zea/ros2_ws/src/ros_tutorials/turtlesim/src/turtle_frame.cpp:spawnTurtle:209"
"Starting turtlesim with node name /turtlesim1/sim";"20";"turtlesim1.sim";"1730719995.914694657";"/home/zea/ros2_ws/src/ros_tutorials/turtlesim/src/turtle_frame.cpp:TurtleFrame:112"
